Tamanho da entrada,Comparisons (Selection Sort),Swaps (Selection Sort),Time (Selection Sort),Comparisons (Insertion Sort),Swaps (Insertion Sort),Time (Insertion Sort),Comparisons (Quick Sort),Swaps (Quick Sort),Time (Quick Sort),Comparisons (Merge Sort),Swaps (Merge Sort),Time (Merge Sort),Comparisons (Heap Sort),Swaps (Heap Sort),Time (Heap Sort),Comparisons (Shell Sort),Swaps (Shell Sort),Time (Shell Sort)
1000,499500.0,1000.0,0.014565698305765788,248454.73333333334,999.0,0.011600208282470704,10958.333333333334,6139.333333333333,0.0006000995635986328,8703.533333333333,9976.0,0.0010664939880371093,11694.433333333332,9084.266666666666,0.0014666239420572916,7695.4,8006.0,0.0009665489196777344
5000,12497500.0,5000.0,0.613632321357727,6258389.266666667,4999.0,0.49169975121816,70811.1,38793.433333333334,0.006933299700419108,55230.2,61808.0,0.009366869926452637,75701.13333333333,57106.73333333333,0.014299877484639486,62089.6,55005.0,0.010600066184997559
10000,49995000.0,10000.0,1.9596480449040732,24918318.5,9999.0,1.45310271581014,158325.6,86212.96666666666,0.011366486549377441,120447.2,133616.0,0.014966821670532227,166397.46666666667,124219.7,0.023766597112019856,150948.23333333334,120005.0,0.019033018747965494
